title,ctime,name,view,like,coin,favorite,share,danmaku,reply,short_link
自制可以横着走的概念车,1617445562,手工耿,706643,148447,110467,23226,16060,17064,5787,https://b23.tv/BV19v41187fe
【时代少年团】【TF家族】《少年ON FIRE》第二季第1期,1617448061,TF家族,486144,65317,29891,20540,7052,229980,9865,https://b23.tv/BV1Hb4y1X7yP
一个简单动作根除鼻塞，油管2亿播放医学博士Mandell来啦！,1617353594,Mandell博士,1319149,135907,73038,134319,17670,2141,2975,https://b23.tv/BV1ep4y1873E
up主，你的脸疼吗？2021年1月新番吐槽打脸大总结！,1617448074,泛式,295581,58872,19443,9321,1378,4763,3891,https://b23.tv/BV15b4y1X71d
【STN快报第五季34】谁家战队有这么强的卡尔，还愁赢不了TI？,1617450805,STN工作室,132355,22517,16221,5239,313,2320,527,https://b23.tv/BV1xK411w7sd
【阿斗】当之无愧的美剧神作！16年后依旧让人追到夜不能寐，经典美剧《越狱》第一季完结篇,1617432552,阿斗归来了,214179,57338,60598,7177,378,3569,1825,https://b23.tv/BV1WK4y1m7Vd
区长终于栽了…,1617438602,一鹿有车,490107,50556,26321,5078,2114,2843,1646,https://b23.tv/BV13K4y1m7XZ
【苏星河】玩遍所有教育软件，发现一个可怕事实,1617445504,苏星河牛通,203740,30809,14673,7770,2580,2016,2022,https://b23.tv/BV1fi4y1P74e
15W日元挑战5000日元一回的超豪华扭蛋机！,1617426404,飞社长,423871,95122,123902,8853,642,4397,1000,https://b23.tv/BV1wi4y1N7Dq
“帅小伙”自制家庭版蒜蓉炭烤鲍鱼，买来两斤全吃完，都不够吃！,1617442204,记录生活的蛋黄派,442061,95419,17918,4564,714,10179,1783,https://b23.tv/BV1Ti4y1N7Km
这是谁家的姑娘？舞一曲花月成双～,1617357649,伢伢gagako,324620,23461,5026,11004,593,447,736,https://b23.tv/BV1vB4y1P7pY
前方超震撼，来自奥特曼的无缝衔接视听盛宴!,1617183278,一片叶子YE,727755,75435,57393,36014,6651,1768,1570,https://b23.tv/BV1ZK411c7TZ
【祖娅纳惜】易安难安【忘川风华录】,1617445739,祖娅纳惜,70473,18441,10632,7442,1000,784,1120,https://b23.tv/BV1CA41157SH
劝 学,1617190391,红豆稀饭中,1953271,159182,42089,52595,26477,1935,2237,https://b23.tv/BV1Ry4y1t7xR
50秒生个小孩,1617238694,picturesqueNAME,984100,34302,1320,1312,289,435,1399,https://b23.tv/BV1EK4y1m7Xt
“笑死，你管这叫正面人物？”,1617261150,咋看都不会剪辑的咿呀,886016,80543,22839,32308,2967,2280,661,https://b23.tv/BV1fp4y1b7Dc
太倒霉啦！！！！！,1617311875,老番茄,2291975,335567,155586,100534,12876,7964,8809,https://b23.tv/BV135411A7SK
奥特扫楼！奥特曼B站扫楼vlog,1617375948,哔哩哔哩番剧,638411,56834,5304,6775,3746,1208,1907,https://b23.tv/BV1Vy4y1x7TH
奇蛋物语大户爱同款！日系漫画感卷发教程,1617277773,弯弯姜,690522,56921,19794,30377,10221,665,2192,https://b23.tv/BV1354y1b7BB
【凉风vlog】我做了一个重大决定,1617422815,凉风Kaze,971843,176791,95887,12142,1391,6135,5886,https://b23.tv/BV1eK4y1N7vV
大街上解放天性！别人的指令必须完成，你能撑过几分钟？,1617387319,吃素的狮子,476468,85032,47235,13034,3879,5640,5647,https://b23.tv/BV1EK4y1m7sf
王冰冰参加运动会,1617238943,吟游诗人猩猩哥,1115355,78407,20868,11900,5882,613,703,https://b23.tv/BV1JZ4y1c7aM
普 通 话,1616915981,海涛wave,1939260,99108,10881,19107,12887,2572,2354,https://b23.tv/BV1QK4y1T7cT
【赤羽原创】易安难安【忘川风华录】,1617357614,忘川风华录,390467,55572,43630,33527,7447,1989,4629,https://b23.tv/BV19y4y1b7Kd
【恋爱的感觉！】初中up与粉丝超甜翻唱《love is an open door》快来领取渣男的虚情假意！,1617373485,朝烟今天唱歌了没,723082,67592,25221,12247,3507,1697,2773,https://b23.tv/BV1uK4y1m7D2
高开低走还是高开疯走？尊重原著还是狗血魔改？（解说《山河令》第三期）,1617445444,刘哔电影,86489,13504,7317,2445,606,3864,3171,https://b23.tv/BV1eA41157t1
抻着脖子跳舞怎么会好看，探颈驼背矫正，练起来,1617164547,云棋舞蹈工作室,331398,20199,3307,28382,1362,37,180,https://b23.tv/BV1KB4y1P7Xg
弹 电 棉 花 r e m i x,1617298359,哦呼w,1317015,139118,60175,38266,8199,2466,2204,https://b23.tv/BV1s5411A7Ui
5个上镜技巧！整容级自拍绝学！告别原相机脸歪嘴斜 做氛围感美女！,1617361694,文不叮,279866,31457,13375,21538,1520,612,385,https://b23.tv/BV1rB4y1P7Ys
共和国有一种职业，称为“四无人员”！,1617370328,大漠叔叔,664971,108981,38949,8320,1146,4652,857,https://b23.tv/BV17y4y1x7MR
很多人都说老爸和老弟是塑料父子情，我一直反对，今天终于可以证明了。,1617422987,疯狂小杨哥,1030197,102459,13616,4384,2077,2292,1302,https://b23.tv/BV1Wp4y187MY
一篇规避了你所有预判的小说,1617443983,聊点什么叭,137657,23929,4295,2693,1006,3527,1056,https://b23.tv/BV1CK411w7wi
此片献给正处于迷茫期的你,1617076827,努力の巳宝宝,877314,91799,60211,53616,2639,7248,1722,https://b23.tv/BV1jv411877Q
下次一定！,1617253524,矮油王老六,1485571,218884,117751,16132,1839,12819,3562,https://b23.tv/BV1gU4y1h7Tj
悄悄给大家看下我老婆… | 原创动画 | 我的爸爸是条龙哦,1617353413,我的爸爸是条龙哦,735497,106443,8781,7174,2014,746,834,https://b23.tv/BV1K54y1b7uA
我这人运气一直不好，现在才知道全用来投胎了。,1617076260,爱睡觉的_Koala,1972905,173885,51849,41573,7346,4472,7125,https://b23.tv/BV16B4y1P7Xw
加菲跌落41楼空调外机：救命呀，120m太高了！,1617358965,和猫住の,757791,61679,33559,5796,1662,2697,1475,https://b23.tv/BV1xX4y1g7pp
【原神动画】风 花 日 记,1617351652,洛飕飕,683672,115833,84470,47690,5679,2857,1893,https://b23.tv/BV1TK4y1m7HC
义 郑 词 严,1617336272,仙道居士,230302,28093,19869,8564,1222,285,732,https://b23.tv/BV1Ey4y1x7Lb
你的时间十分宝贵,1616860934,生日快乐是个呆瓜,1949402,160608,14636,21759,7931,2675,2428,https://b23.tv/BV1CU4y1a7PL
【4K120FPS】和田光司《Butter-Fly》核爆现场！永远的无限大！,1617365710,音乐私藏馆,495087,40293,16508,17465,2532,1618,861,https://b23.tv/BV1ey4y1t7cy
【花泽香菜】听说你们想让我用中文配音《妹妹》黑猫，那…好的！,1617359579,花泽香菜,796006,107918,43441,12822,5208,5814,3577,https://b23.tv/BV1qp4y18793
玩完这个游戏我们已经没有再联系了【双人成行 持续更新】,1617364036,中国BOY超级大猩猩,712646,119293,54137,31481,3491,16562,4364,https://b23.tv/BV1oB4y1P7Y5
玉皇大帝住在平流层还是对流层？（读评论,1617449667,不是的的是のの,75180,14931,1698,866,77,1878,830,https://b23.tv/BV1Zv41187cd
【原神MMD】荧：猜猜看，是谁送给我的婚纱 ~ 大喜,1617361682,泉_LQ,53370,5694,1882,5252,447,159,500,https://b23.tv/BV1Qv411j7go
（家 家 有 本 难 念 的 经）,1617277113,星有野,1307767,172855,81986,29781,3698,2649,5907,https://b23.tv/BV1jU4y1h73D
耗时131275秒，戴上耳机！感受每一帧都在踩点的视听盛宴！！,1616861899,小米酱会发光,511259,59390,45367,34116,2065,1125,899,https://b23.tv/BV1hU4y1a7mc
原来外交部也有“气氛组”——蓝厅欢乐集锦,1617367373,观察者网,641309,63455,4730,6479,1377,1196,918,https://b23.tv/BV1Pv411h7QZ
虚无世界3生存 第二十六集 各次元攻坚 推大小BOSS,1617450066,籽岷,44479,14769,4973,1776,66,645,439,https://b23.tv/BV15Z4y1c7aD
花一万只为请千万粉丝博主听我rap？【凭啥这么贵e17-唐阁】,1617422414,王师傅和小毛毛,328919,49264,39612,9639,700,4732,842,https://b23.tv/BV1cv41177s5
高中最痛苦的事：人醒了，意志力还在睡！,1617264791,惊天碉堡团,1137504,82120,23127,15130,7019,2422,5520,https://b23.tv/BV1tB4y1w7MT
【特效向】得编个理由让拜登摔跤,1617364616,豪言の经理,448406,67698,31387,13359,2567,1358,840,https://b23.tv/BV1qy4y1b7v8
2700买一条巨大黑毛鱼，拍卖级别，出锅后赚大了,1617436804,小文哥吃吃吃,253761,31274,9000,1593,246,2663,970,https://b23.tv/BV1Ch411D7fC
我终于脱粉了！我自由了！,1617336255,热血石狮子,267677,23838,10027,5554,2319,1564,2882,https://b23.tv/BV1Wy4y1b7cW
0距离体验！比龙卷风还恐怖百倍的火焰旋风！,1617336012,DIY-Mokso,542384,45148,10712,6061,383,402,405,https://b23.tv/BV1VA411K7wD
【阅读神器】12个苹果图书隐藏绝技，你未必全知道！！！,1617366917,某科君,152394,12166,8252,22241,970,1205,604,https://b23.tv/BV1CK4y1N7PX
喂了跟香肠就当街抱我大腿不放，流浪狗的死缠烂打成功攻略了我,1617348288,乐浪星流浪生活,678376,68283,52761,7065,1084,2562,1350,https://b23.tv/BV1DK4y1N7vn
河南男子打嗝声音震天，1小时200次工地不让干，8年花数万治不好,1617272542,河南都市频道,879899,16210,751,4270,9495,1383,2059,https://b23.tv/BV1TX4y1g7Qg
【低音唢呐】加勒比海盗—He's a Pirate,1617448176,浑元Rysn,71135,14872,2158,1672,313,422,879,https://b23.tv/BV1F5411A7B6
“得加钱~~”,1617186453,子彧星塵,1592010,161846,51489,25457,2079,4076,1958,https://b23.tv/BV1Rf4y1x7Za
微信正在监听你的隐私！想关掉请这样做！,1617025449,初晓少年,382560,23092,7501,17014,3675,263,1552,https://b23.tv/BV1gB4y1P78e
“你要在众人拥簇下死去”,1617356266,閒果子,81384,15269,5179,9295,577,1314,690,https://b23.tv/BV1zK4y1N7Pv
【老邪吐槽】《长歌行》：我就没见过那么蠢的大女主戏,1617336305,老邪说电影,971770,82264,15030,4010,2823,15058,19232,https://b23.tv/BV13K4y1m7zV
《 让  葫  芦  飞  ！》,1617197044,远古黑金,2665531,255859,163022,70510,18954,4972,4956,https://b23.tv/BV1oK4y127N9
拥有DIO声线的QQ糖,1617343822,怪物彼岸花,550490,45922,6757,10664,8160,264,889,https://b23.tv/BV1Pi4y1N7xD
“大家好，我要去新疆种棉花了！”,1617364665,歪果仁研究协会,603484,97056,50298,9102,642,2124,2479,https://b23.tv/BV15b4y1X7KS
就这？就这？卧槽？？？,1617158631,沙雕研究协会会长,560007,25105,692,8245,530,49,480,https://b23.tv/BV1Pf4y1x7rS
80年代封面欺诈游戏竟是拳皇老祖,1617422412,敖厂长,369320,47328,13770,5640,382,2802,1025,https://b23.tv/BV1Ei4y1N7WU
笔战一哥,1617282877,小潮院长,2077356,295978,96059,33616,7151,45639,5372,https://b23.tv/BV1bK411w7s6
【阿斗】监狱个个都是人才诚不欺我！各种骚操作意想不到，美剧《越狱》第一季16-19集全解读,1617356918,阿斗归来了,701772,107779,55366,9267,518,4305,1337,https://b23.tv/BV195411w7V7
【舞小喵】这个刻晴好欸！,1617444005,舞小喵,76488,7955,2413,4024,281,180,310,https://b23.tv/BV1WB4y1w7Jm
全程高爽！女人只会影响我拔剑的速度！,1617247201,烽火湛蓝,485229,55830,27934,18090,822,1638,604,https://b23.tv/BV1FU4y1h7V3
如何学会跳堡垒之夜的橙色正义？【Learn How to Dance】,1617180608,LearnHowToDance,350085,26513,7870,16607,2364,314,700,https://b23.tv/BV18V411e7G9
【业界毒瘤】逼氪、抄袭，不把玩家当人看？为什么我宁愿在steam花上千块，也不愿往腾讯里充1块钱,1617352951,柴桑在摸鱼,404690,43419,18423,9220,2330,13655,6290,https://b23.tv/BV1BV411n74F
海星生物入侵被我们吃绝迹了？因为它吃上去就是蟹黄的味道!,1617344532,敬汉卿,959700,127018,34620,7513,1150,4021,2597,https://b23.tv/BV1ni4y1N7GN
这是他们牺牲后的第一个清明节,1617412465,央视新闻,113617,36782,7319,2560,581,895,641,https://b23.tv/BV1354y1b7gM
我一生没做过坏事，为何会这样？,1617255001,往往老布,1100855,56391,35360,14268,3652,3399,5754,https://b23.tv/BV14K411w7mw
【罗翔/汤家凤】罗song汤燃炸单曲sold out,1616658176,自动鬼畜中的WZ,520997,64488,52005,26708,6854,1884,1160,https://b23.tv/BV17X4y1G7Mf
世界上最优雅的纸飞机，Zephyr曲翼纸飞机,1617245655,123纸飞机V,1689334,82930,22100,87752,2667,1559,1355,https://b23.tv/BV1xy4y1b7RC
清理苏伊士运河挖掘机师傅的推特  笑死,1617262314,UP团,730493,23386,2375,5161,10691,271,582,https://b23.tv/BV1XK4y1N7uz
成 功 能 量 水,1617424414,胖家军-陈胖胖,256656,30924,12960,2796,961,6507,1387,https://b23.tv/BV1A64y1S7Ug
其实李信早就加强了,1617336186,两只沈梦溪,185231,24482,7039,3429,2333,2466,649,https://b23.tv/BV1WB4y1w7iR
回望我的青春期，感觉自己……,1617265360,papi酱,1297215,154891,17400,7759,4107,4029,3850,https://b23.tv/BV1rf4y1W7iK
【派蒙小红娘】穷 开 心,1617193626,灯火微蓝,569087,62333,38732,23928,3981,1438,1019,https://b23.tv/BV1Ly4y1x74s
【鬼谷闲谈】新仙女木事件：那一天，大地突然冰封……,1617423995,芳斯塔芙,288525,38478,16793,6235,435,1581,1073,https://b23.tv/BV18h411D7f3
【电竞星快报】君子报仇，练习时长两年半不晚！（第三季12期）,1617444041,银河电竞,77735,15057,11238,2323,131,2001,491,https://b23.tv/BV1Hb4y1X79i
无良，新车竟被女同事这般糟蹋！,1617352709,狈总,722105,41707,1229,1284,608,361,817,https://b23.tv/BV1JK4y1m7G4
千万不要把沙发改装成马桶,1617271476,天才小熊猫本人,2283096,188440,64781,31483,33406,5188,3535,https://b23.tv/BV1R54y1t7bf
MC 1.18 机 密 内 容 泄 露,1617354083,GoldenEggs,260754,32084,7453,7652,966,1399,400,https://b23.tv/BV1By4y1t7Tf
打开了 但完全打不开,1616870709,乔亮乔小拿,604461,41601,3861,10455,3828,213,821,https://b23.tv/BV1Jy4y1b71r
告诉你秘密，你会拔刀吗？,1617423185,刘谦,314179,40913,9511,3019,547,937,1245,https://b23.tv/BV1sB4y1w7Fw
LOL会员真的来了！功能堪比脚本！带你看下特权功能！,1617242417,熙狗Game,836897,32561,3706,1378,4528,1261,1659,https://b23.tv/BV1Qy4y1b7j7
‘谈 恋 爱 吗’ ❥(^_-),1617439065,泡芙喵-PuFF,113884,19319,4344,4043,323,1438,930,https://b23.tv/BV1Rf4y1x7XT
【原神】关显示器打北风狼,1616778724,寒雪无忆曲江南,960481,133446,87375,25672,21288,2216,4833,https://b23.tv/BV1xv41187hu
【warma/怒九】姐妹俩打打闹闹的日常【电台】,1617320496,Warma,584018,110984,67708,37637,2524,10164,3011,https://b23.tv/BV1NK4y1m7Xb
《JO 级 美 少 女》,1617107309,老骚男了欸,1329048,113570,29562,46183,8127,1467,1394,https://b23.tv/BV1PU4y1Y7zZ
就这…原创民谣歌曲？！,1617445705,Vicky宣宣,57231,11705,3726,2030,387,522,681,https://b23.tv/BV17y4y1x7jT
小姐姐：我都看傻了,1617352377,撸sir兰陵君,514002,70746,18652,6113,1193,2296,1563,https://b23.tv/BV1jy4y1b7ZU
【罗翔】千刀万剐，凌迟处死，古代泯灭人性的酷刑,1617359450,罗翔说刑法,631987,100858,18442,8383,1696,10196,7276,https://b23.tv/BV1uv411h7eJ
【FGO手书】英灵降临到我身边,1617119230,Uruk_Alicia,421361,65027,77426,39429,6208,1138,1934,https://b23.tv/BV1gZ4y1A7sn
【RAY】激情再起，这个春天的最强火力！【天王七高达模型大改造】,1617453464,RAY的模型世界,30848,10070,10403,3600,1111,1367,731,https://b23.tv/BV1Xh411D7iw
18 款真无线耳机横评，哪个值得买？2021 TWS 耳机选购指南,1617453340,先看评测,44169,8011,6658,2335,634,2115,883,https://b23.tv/BV1qp4y187qm
【朵一酱】全站第一个不穿衣服出道的vtb,1617274608,朵一酱Duoyi,520939,47199,13036,7369,3968,1182,2469,https://b23.tv/BV1Sy4y1b7j4
导演：让你增肥30斤来演杨贵妃，可没叫你从壁画上走出来呀！！！,1617067192,MUSK-C,870088,59706,4357,18720,2915,764,1767,https://b23.tv/BV16y4y1t7tc
【半佛】雷军的光荣与最后一战,1617353063,硬核的半佛仙人,621785,58050,12923,7188,2395,3450,3149,https://b23.tv/BV1c64y1S7VM
世界第一女毒枭，比你想象更夸张！【毒枭传01】,1617276003,不良博士,853889,71435,20176,10389,1154,2816,1389,https://b23.tv/BV1XZ4y1F7iZ
反戏精的操作有多好笑,1617086491,七海悠仁,546836,46565,901,9426,3858,597,391,https://b23.tv/BV1K64y1Q7UR
世界史上第一头会飞的牛【梦工厂】,1617294524,黑镖客梦回,554316,93023,38247,14125,928,4380,1036,https://b23.tv/BV1sV411n7dy
【游戏与现实01】我们搞到了58年前的报纸，只为一探九龙城寨真相？,1617363504,托比昂首挺胸,251747,31103,25291,9497,437,2086,529,https://b23.tv/BV1Ti4y1N7wD
差点没过审！一刀下去实在太无语了……,1617382698,麟宣森,246824,30880,12043,3858,223,1790,426,https://b23.tv/BV1jy4y1b7J4
散人&番茄《双人成行》 不离不弃的奇幻冒险（已更新至P10 机巧帝国）,1617163232,逍遥散人,1719342,145183,63344,45521,9692,24813,4098,https://b23.tv/BV1RK4y1T7Rg
可能会被陪聊追杀吧,1617073208,流萤Zz,1305448,115211,22109,16468,7178,4141,1583,https://b23.tv/BV1D64y1D7t2
愚人节过成了情人节,1617249616,狈总,1735792,123804,21052,15703,15861,1872,4152,https://b23.tv/BV1pi4y1N78v
鲶 鱼 老 师 成 名 之 作 x 2,1617353114,天天鉴宝,630741,32234,2757,2960,3132,2030,842,https://b23.tv/BV1Ri4y1w7XG
亚洲特快：中国对外军贸，赚“小钱钱”的套路都有啥？,1617368689,观察者网,445967,61185,16047,5851,649,5726,1055,https://b23.tv/BV1WB4y1w7GL
手绘100张，耗时1个月，我终于破解了【达芬奇密码书】的全部秘密！,1617198314,GM的秘密基地,940260,114172,127965,41992,3070,8077,1903,https://b23.tv/BV1qy4y1t7fn
海马，你的幻想就由我来打破！！,1617437702,卷饼猫,56826,8856,6772,2535,482,1416,386,https://b23.tv/BV18h411D7U3
“她那时才19岁，不懂命运馈赠的礼物，早已标好了价码”—《绝代艳后》,1617086358,长安南烟斋,612352,49340,5106,26209,807,308,1190,https://b23.tv/BV1DK4y1T76U
这部剧今年最烂？我从来没见过如此炸裂的国产神作！,1617274449,三代鹿人,1511093,165617,27420,10129,3313,16516,4923,https://b23.tv/BV1zA411579Q
【星际老男孩】【假的喏】孙哥年轻时颜值远超直播间90%的人,1617431074,星际老男孩,85667,12220,17413,6418,144,576,276,https://b23.tv/BV1iB4y1P7QJ
【哥斯拉】30天轮胎打造哥斯拉，怪兽之王！超多细节还原！,1617445616,曹胜歌,42005,8341,6877,1383,234,317,549,https://b23.tv/BV1cB4y1N7BH
【多多翻唱】《ハレハレヤ》- 朗朗晴天,1617343551,多多poi丶,195389,38986,19191,15444,1024,514,1255,https://b23.tv/BV1MA411K7ZM
愣着干嘛，戴上你的耳机，忍者的时代才刚刚开始！！！,1617355804,爱喝牛奶的何某,89343,12795,10180,7096,688,339,367,https://b23.tv/BV1YA411N7ad
深圳摩友被扣车罚款后将交警队告上法庭维权。,1617100842,求你们不要禁mo了啊,873467,31657,12733,13953,11464,27268,4280,https://b23.tv/BV1Vy4y1b7Ps
想看老板翻车？经过无数次试验，终于把冰块炒成了冰淇淋卷~,1617354458,IceCreamRolls,437357,21979,993,1181,189,3407,618,https://b23.tv/BV1VU4y1Y7RM
打开烟民大爷的肺，噢这肺，乌漆嘛黑一捏就碎,1617102919,深圳卫健委,1829714,54543,1918,9792,29747,590,7527,https://b23.tv/BV1wh411D7fu
【山河令】就借这月光。,1617295724,看起来就很李海,280466,54571,45997,47461,5044,1722,1848,https://b23.tv/BV13p4y1877C
把好基友变成美少女的按钮，然后生娃了······,1617354017,安晴Ankii,209909,18849,4634,6701,372,1210,438,https://b23.tv/BV1wh411D7Tw
给麻辣烫店的大哥上一课！,1617111660,铁铁小艾,673898,42806,764,1245,198,89,579,https://b23.tv/BV1Xp4y1b793
奢华国宴级“佛跳墙青团”，花一周做一只，一口爆汁。,1617283383,日食记,632633,73777,31313,11135,4965,3326,825,https://b23.tv/BV1fZ4y1F7ya
【原神】超实用卖突破材料NPC合集 清心琉璃袋不用自己采啦！,1617335640,总攻大人小风铃,170162,10975,5576,16041,746,930,513,https://b23.tv/BV15K4y1m77z
无 影 手 教 学,1616925463,preferchild,403199,15320,849,4822,3542,277,364,https://b23.tv/BV1Th411D7Xz
"耗时42天！我们用了木头,颜料,积木 还原进击的巨人场景",1617228490,卢正义的雕刻时光,256177,46855,29924,6721,810,804,682,https://b23.tv/BV1if4y1W7Y8
违背祖训：商用级卤煮火烧技术配方大公开,1617374280,野生大厨,65118,5025,3964,2104,116,2259,240,https://b23.tv/BV11v411871k
一个人玩花式 教你没有人可以做到的逆天手势,1616998091,一个人玩花式,691887,25008,571,10563,380,158,547,https://b23.tv/BV1pf4y1x7wV
动物版 【水浒传】,1617278825,龙女之声,275669,23333,4292,3202,1017,2150,627,https://b23.tv/BV11K4y1N7M1
消化一下：左手吉他右手镰刀，美国国务卿的“上流”人生,1617417009,观察者网,288800,37387,5912,3461,395,3098,897,https://b23.tv/BV1TK4y1m7QW
【C菌】难得离谱的沙雕赛车游戏 如何保证鸡蛋不掉?,1617442694,渗透之C君,98697,19673,4319,2345,116,1789,777,https://b23.tv/BV1cb4y1D79A
当小鸟有了手后！我的眼睛！！！,1616898601,消逝的迪克,1688609,97011,9610,38816,29375,502,732,https://b23.tv/BV1xy4y1h7eW
觉得为时已晚的时候，恰恰是最早的时候,1617422426,面粉社长,135299,25478,20186,5376,666,1178,693,https://b23.tv/BV1oV411n7gK
终南山里画画烧烤，传说中的神仙日子也不过如此,1617446361,野居青年,49777,8336,5042,740,104,641,286,https://b23.tv/BV1j64y1S7uS
四川乐山发现野生飞狐 放生时发现罕见一幕让人大开眼界,1617236843,七七晓七七,1435975,65139,802,5654,2005,1067,2247,https://b23.tv/BV1vy4y1b7Tn
到底什么运动减肥最快,1617154688,阿峰爱健身,579697,10835,4211,29981,3351,158,1076,https://b23.tv/BV1hV411e7mq
反杀土味情话8.0,1617422085,盖世猪猪丶,177364,31434,7488,2068,992,636,360,https://b23.tv/BV19h411D7N3
50克毒品里面掺一公斤面粉 好家伙给我都整懵了,1617011964,张三的传奇一生,2050668,159035,50504,7992,1124,2730,1495,https://b23.tv/BV1oK411c7AU
蔡徐坤当众表演生孩子，三秒后星爷实在是看不下去了！,1617077713,荒草音乐,3764292,204533,25628,34941,13104,6982,9364,https://b23.tv/BV1jA411K7Ms
雷军官方吐槽“不服跑个原神”？,1617019321,中二少年康h,1245511,40053,797,2936,4419,1274,3748,https://b23.tv/BV18f4y1x79M
拥有五条悟声线的好妹妹！！,1616990256,怪物彼岸花,241669,19370,2077,3621,1532,146,165,https://b23.tv/BV1C64y1U74Y
全寝室被投毒却唯独一人活命，她和七具冰冷身体独处一室一直到天明......| Wayne调查,1617279615,Wayne调查,1348304,42931,4061,8773,10342,6829,4783,https://b23.tv/BV15b4y1X7Jo
凌晨三點半（feat.小可兒）,1616976381,中国BOY超级大猩猩,1018177,161746,88651,56585,8758,7109,4897,https://b23.tv/BV18X4y1G7dL
中国警察：站着，是一面旗帜，倒下，是一座丰碑！,1617344338,中国警察网,162519,22250,13364,4558,935,1333,658,https://b23.tv/BV1FK4y1K7Ug
壶提提/ 又发现一家隐藏在巷子里的宝藏发廊，给头发盘朵花吧！/复古/怀旧,1616853883,壶提提,1113546,84072,1517,9073,1927,375,630,https://b23.tv/BV1hA411N7pn
奔驰宝马高速对撞，德系车安全巅峰战，极限追尾有辆车露馅了,1617249809,汽车大侦探东门,720921,59490,64142,12639,9601,4836,2630,https://b23.tv/BV16y4y1x7ez
鬼知道他打了我几遍,1617236125,碧天蓝钻,838399,79847,20145,13554,1832,1082,1223,https://b23.tv/BV1Hf4y1W7en
一场选秀，揭开酸楚的众生相！《创造营》吐槽第7期,1617354664,开心嘴炮,507974,53874,7794,3601,363,5845,2302,https://b23.tv/BV1bB4y1w7M1
【羊毛毡|竹编】谢谢你狗子 戳戳乐版实体手办,1617266736,顺德厂出头,180593,15584,5251,3172,598,241,710,https://b23.tv/BV1ZB4y1P7Mt
你管这个叫室友！？,1617272582,自来卷三木,1099800,159732,41207,13741,5360,7743,2299,https://b23.tv/BV1eX4y1g7yy
奥特曼入坑指南！十分钟帮你解决所有疑问！,1617182909,瓶子君152,1423684,146405,54000,30972,6668,6414,6542,https://b23.tv/BV1GZ4y1A75G
开口跪？！男生宿舍翻唱山河令ost《天问》｜我和室友的日常翻唱,1617012632,陈家淇_B11,980053,92086,34069,30315,5585,2395,2253,https://b23.tv/BV1Ef4y1x7e9
古人是怎样修仙的？,1617420183,有山先生,51645,10192,3558,862,220,2688,996,https://b23.tv/BV1LZ4y1c7sP
【秦国Rap】 差不多秦川,1617416869,拖更的青橙,99011,11284,12134,5213,1440,324,651,https://b23.tv/BV1TU4y1h7z6
【刘谦魔术课】不上这堂课必后悔！私密绝招释出！（这次无广告，放心入）,1617272401,刘谦,767875,91721,71851,20434,2983,7027,2228,https://b23.tv/BV17Z4y1c7Pe
【时代少年团】TNT《少年ON FIRE》第二季后台小记,1617357624,TF家族,416480,32798,6526,7263,922,7123,6297,https://b23.tv/BV1dZ4y1F7i3
“京圈白富美”果然名不虚传！,1617016464,吸一口奶盖,310913,47113,17695,36547,2567,2915,1568,https://b23.tv/BV1KZ4y1A7DD
中国人都在买多少钱的手机？事情肯定和你想的不一样,1617276206,X科技实验室,470196,33759,9290,5373,2511,33807,6722,https://b23.tv/BV1BB4y1w7m5
检测出4400多个BUG！制作人自己都玩儿不下去！【猛男吐槽】,1617336019,四川猛男老圆,900341,50352,6928,8752,3467,1621,556,https://b23.tv/BV1ZB4y1P7Xp
某V对着空气直播两小时后，竟选择原地毕业,1617319804,冬雪もも__shy,387929,41459,9290,5323,1863,1134,2855,https://b23.tv/BV19B4y1P7bo
【逸语道破】中国携手中东，里面的“大格局”美国学不了,1617345776,观察者网,497570,54273,17266,8694,2216,11506,2662,https://b23.tv/BV1gK411w7w9
赛罗编年史！一个视频理清赛罗系列作品的观影顺序【启零录】,1617449661,风都獭书馆,24246,5128,991,1105,161,762,225,https://b23.tv/BV14y4y1b7HK
这道菜简单下饭，做法非常详细，喜欢就赶紧试试吧！,1617188242,圆子小厨,250236,13172,1693,5947,281,87,180,https://b23.tv/BV1Dy4y1t7Gc
没有没救的身材 只有厉害的半裙！矮个子半裙挑选指南｜避开这些迫害你身材的无效设计！163cm53kg,1617336429,鹦鹉梨,311946,22066,7532,10291,1180,1419,1050,https://b23.tv/BV1zK4y1N7ED
挑战“吃鱼不见鱼”，人均800，服务员给我点出7000元？,1617265064,哇塞几张,874345,114424,24245,5069,747,6639,1131,https://b23.tv/BV1Ab4y1D7QZ
25一碗的水盆羊肉，月牙饼、小菜、汤竟然免费随便续，还有最爱的蒜泼羊肉，连吃3个馍太过瘾了！,1617357608,小贝饿了,559153,31272,4202,1574,1916,2264,1209,https://b23.tv/BV1XK4y1T78j
教育部：每日22:00到次日8:00不得为未成年人提供游戏服务,1617336415,新华社快看,674828,24350,2612,2749,7283,2763,11774,https://b23.tv/BV1tK4y1m7CJ
武契奇反问中国帮忙修路有什么错？为什么怪中国？,1617335850,观察者网,875898,84775,3399,5877,1315,1544,2740,https://b23.tv/BV1bB4y1w7GQ
那一晚，他整蛊了十几万人！,1617213077,东尼ookii,1494869,194412,33645,11624,1022,183728,8275,https://b23.tv/BV1p64y1S7xx
【原神x风物之诗琴】燃起来了！终极版四人butterfly,1617256404,紫翎先生,202450,23158,18308,7227,3369,1265,672,https://b23.tv/BV1R64y1U77Q
全片基本没有毒贩，但却让我对毒贩充满了恨！,1617235305,公安部新闻宣传局,1198028,110750,91921,28839,6481,6672,3517,https://b23.tv/BV1D64y1U7rQ
他爱了一辈子的小公主，一生才短短三十年【长歌行】,1617312240,蒙娜丽鲨鱼,367001,12085,1567,4610,496,178,523,https://b23.tv/BV1yA41157Ym
《咒术回战》第0卷 剧场版动画制作决定,1617346805,哔哩哔哩漫画,435587,45912,1549,6528,6001,881,1578,https://b23.tv/BV1HB4y1P7aw
我的武士之魂在燃烧！【憨批大擂台】,1617364096,原野郎中,292487,35646,11597,5566,359,2092,697,https://b23.tv/BV1gK4y1K7er
大海葵怎么吃？大齐赶海挖一颗大海葵太难遇了，还有卧沙的大蛏王,1617188615,王大齐吖,414454,29089,4974,1166,385,2004,718,https://b23.tv/BV13U4y1Y7Gc
“81192收到，我已无法返航，你们继续前进！”,1617203511,国防时报TV,695084,99592,30798,13167,4569,4894,1215,https://b23.tv/BV1zy4y1b7Ci
仙师耗时一年！峡谷仙术排行榜vs百战成诗,1617423449,国服理论师,106161,8196,2199,2516,866,170,246,https://b23.tv/BV1m54y1t75p
为中国锁住核心机密的老爷子，让美国也尝一尝高科技封锁的滋味！,1616859449,国士无双人物传奇,1309547,134173,13540,12595,845,3353,1963,https://b23.tv/BV18y4y1t7rR
愚⚡gie⚡节,1617173894,宵小猪排酱中游,718760,70113,25112,18316,6703,2540,1482,https://b23.tv/BV1fK4y127VY
史前真的存在1米长的蝎子？盘点远古八大节肢动物！【动物之最13】,1617351646,黑毛羊驼,34434,5587,1367,869,60,382,347,https://b23.tv/BV1zy4y1b7PQ
3500日元一位生牛肉寿司自助，1个半小时随便吃？男子前去挑战，结果..,1617267137,孤独的美食基,601644,48054,7710,3728,929,1936,904,https://b23.tv/BV1bV411n7e2
【短的发布会】重新定义安卓之光！小米11 ultra绝不吊打碾压同行,1617375054,短的发布会,363140,43285,8549,2819,1547,2643,1692,https://b23.tv/BV1jK411w7rf
全世界投资 大清商人曾经是世界首富！广州十三行（一）【思维实验室】,1617355807,思维实验室,341694,44238,25767,10537,1915,2145,2224,https://b23.tv/BV1SA41157iS
这姿势也能速通 MC！？,1617103615,Chunk7,386115,18406,1062,8163,1098,158,213,https://b23.tv/BV1PU4y1Y72B
八字刘海超级修饰脸型，不好看？！是你们之前都剪错了！！,1617003292,小小豆不小-,71610,5377,2370,10732,389,93,216,https://b23.tv/BV1bi4y1P71P
余景天History竖屏直拍,1617433558,pcyxjy,73068,7901,2962,3546,836,4112,3495,https://b23.tv/BV1ep4y187hU
宝具全开！史上最烧经费 Fate HF 天之杯 全三章高燃视觉盛宴！！！,1617305580,奋斗的豆芽,74978,6780,2523,3727,287,248,265,https://b23.tv/BV1hV411n7NC
视觉盛宴—120hz的美食,1617388210,影视飓风,188078,27562,13207,4356,1547,1036,696,https://b23.tv/BV1vh411D7Nx
狙击手的眼里只有尸和远方！！！,1617367009,酒太菌,139447,27354,3890,1570,404,1422,360,https://b23.tv/BV1sK4y1N7ZV
可能是嗓子里长了个罗德岛吧,1617356761,扶桑大红花丶,150908,24439,12932,9034,1448,1301,816,https://b23.tv/BV1H64y1S77L
首届【海贼王VS火影】⚽足球比赛开幕啦！,1617330615,健人大人,272771,34734,16465,4232,1233,1478,631,https://b23.tv/BV1eh411D7Fj
【祥食记 Vlog 02】试吃宇宙唯一东北菜米其林星级餐厅 - 止观小馆,1617357616,大祥哥来了,516367,63492,13187,3396,856,4242,1525,https://b23.tv/BV1jy4y1x7WY
“新的故事，已经开始”,1616905356,-Dcret-,174247,19791,8681,8886,473,1070,587,https://b23.tv/BV1rK411c7fv
